ID	SEV	FACILIDADE	STATUS	INFORMAÇÃO	ESTACAO ENTREGA	%DISPONIBILIDADE
1	8221946	ABORDADO	NÃO
1	8221946	PRÓXIMO	NÃO
1	8221946	SEV ENDEREÇO	NÃO
1	8221946	SEV PRÓXIMA	NÃO
1	8221946	4G	Inviável			
1	8221946	FO GPON_RESID ETH	Inviável			
1	8221946	FO XGSPON RESID ETH	Inviável			
1	8221946	HFC BSoD	Inviável			
1	8221946	FO GPON_RESID ETH PRE VIAVEL	Inviável			
1	8221946	FO GPON ETH	Inviável			
1	8221946	FO EDD DIRETO CLARO	Inviável			
1	8221946	FO EDD CLARO PRE VIAVEL	Inviável			
1	8221946	FO EDD ETH	Inviável			
1	8221946	FOetherNET	Inviável			
1	8221946	FO SDH	Inviável			
1	8221946	ADE SDH	Inviável			
1	8221946	SATELITE BANDA KA	Inviável			
1	8221946	SATELITE BANDA KU	Inviável			
1	8221946	TERCEIROS ETH	Viável	NUVEM: NUVEM PARA BLC - PROPRIETÁRIO NUVEM: MOBWIRE / IG NETWORKS	SPO IG / SDR RC	

ID	SEV	FACILIDADE	STATUS	INFORMAÇÃO	ESTACAO ENTREGA	%DISPONIBILIDADE
2	8221950	ABORDADO	NÃO
2	8221950	PRÓXIMO	NÃO
2	8221950	SEV ENDEREÇO	NÃO
2	8221950	SEV PRÓXIMA	NÃO
2	8221950	4G	Inviável			
2	8221950	FO GPON_RESID ETH	Inviável			
2	8221950	FO XGSPON RESID ETH	Inviável			
2	8221950	HFC BSoD	Inviável			
2	8221950	FO GPON_RESID ETH PRE VIAVEL	Inviável			
2	8221950	FO GPON ETH	Inviável			
2	8221950	FO EDD DIRETO CLARO	Inviável			
2	8221950	FO EDD CLARO PRE VIAVEL	Inviável			
2	8221950	FO EDD ETH	Inviável			
2	8221950	FOetherNET	Inviável			
2	8221950	FO SDH	Inviável			
2	8221950	ADE SDH	Inviável			
2	8221950	SATELITE BANDA KA	Inviável			
2	8221950	SATELITE BANDA KU	Inviável			
2	8221950	TERCEIROS ETH	Viável	NUVEM: NUVEM PARA BLC - PROPRIETÁRIO NUVEM: MOBWIRE / BRFIBRA / IG NETWORKS	SPO IG / SDR RC	

ID	SEV	FACILIDADE	STATUS	INFORMAÇÃO	ESTACAO ENTREGA	%DISPONIBILIDADE
3	8221952	ABORDADO	NÃO
3	8221952	PRÓXIMO	NÃO
3	8221952	SEV ENDEREÇO	NÃO
3	8221952	SEV PRÓXIMA	NÃO
3	8221952	4G	Inviável			
3	8221952	FO GPON_RESID ETH	Inviável			
3	8221952	FO XGSPON RESID ETH	Inviável			
3	8221952	HFC BSoD	Inviável			
3	8221952	FO GPON_RESID ETH PRE VIAVEL	Inviável			
3	8221952	FO GPON ETH	Inviável			
3	8221952	FO EDD DIRETO CLARO	Inviável			
3	8221952	FO EDD CLARO PRE VIAVEL	Inviável			
3	8221952	FO EDD ETH	Inviável			
3	8221952	FOetherNET	Inviável			
3	8221952	FO SDH	Inviável			
3	8221952	ADE SDH	Inviável			
3	8221952	SATELITE BANDA KA	Inviável			
3	8221952	SATELITE BANDA KU	Inviável			
3	8221952	TERCEIROS ETH	Viável	NUVEM: NUVEM PARA BLC - PROPRIETÁRIO NUVEM: MOBWIRE / IG NETWORKS	SPO IG / SDR RC	

ID	SEV	FACILIDADE	STATUS	INFORMAÇÃO	ESTACAO ENTREGA	%DISPONIBILIDADE
4	8221953	ABORDADO	NÃO
4	8221953	PRÓXIMO	NÃO
4	8221953	SEV ENDEREÇO	NÃO
4	8221953	SEV PRÓXIMA	NÃO
4	8221953	4G	Inviável			
4	8221953	FO GPON_RESID ETH	Inviável			
4	8221953	FO XGSPON RESID ETH	Inviável			
4	8221953	HFC BSoD	Inviável	ESTAÇÃO ENTRONCAMENTO:RCE AM		
4	8221953	FO GPON_RESID ETH PRE VIAVEL	Inviável			
4	8221953	FO GPON ETH	Inviável			
4	8221953	FO EDD DIRETO CLARO	Inviável			
4	8221953	FO EDD CLARO PRE VIAVEL	Inviável			
4	8221953	FO EDD ETH	Inviável			
4	8221953	FOetherNET	Inviável			
4	8221953	FO SDH	Inviável			
4	8221953	ADE SDH	Inviável			
4	8221953	SATELITE BANDA KA	Inviável			
4	8221953	SATELITE BANDA KU	Inviável			
4	8221953	TERCEIROS ETH	Viável	NUVEM: NUVEM PARA BLC - PROPRIETÁRIO NUVEM: MOBWIRE / BRFIBRA	SPO IG / JPA TR	

ID	SEV	FACILIDADE	STATUS	INFORMAÇÃO	ESTACAO ENTREGA	%DISPONIBILIDADE
5	8221955	ABORDADO	NÃO
5	8221955	PRÓXIMO	NÃO
5	8221955	SEV ENDEREÇO	NÃO
5	8221955	SEV PRÓXIMA	NÃO
5	8221955	4G	Nuvem satélite parcialmente esgotada	NUVEM: 43S01BACAR0401 (Asset)		LTE
5	8221955	FO GPON_RESID ETH	Inviável			
5	8221955	FO XGSPON RESID ETH	Inviável			
5	8221955	HFC BSoD	Inviável			
5	8221955	FO GPON_RESID ETH PRE VIAVEL	Inviável			
5	8221955	FO GPON ETH	Inviável			
5	8221955	FO EDD DIRETO CLARO	Inviável			
5	8221955	FO EDD CLARO PRE VIAVEL	Inviável			
5	8221955	FO EDD ETH	Inviável			
5	8221955	FOetherNET	Inviável			
5	8221955	FO SDH	Inviável			
5	8221955	ADE SDH	Inviável			
5	8221955	SATELITE BANDA KA	Inviável			
5	8221955	SATELITE BANDA KU	Inviável			
5	8221955	TERCEIROS ETH	Viável	NUVEM: NUVEM PARA BLC - PROPRIETÁRIO NUVEM: MOBWIRE / IG NETWORKS	SPO IG / SDR RC	

ID	SEV	FACILIDADE	STATUS	INFORMAÇÃO	ESTACAO ENTREGA	%DISPONIBILIDADE
6	8221956	ABORDADO	NÃO
6	8221956	PRÓXIMO	NÃO
6	8221956	SEV ENDEREÇO	NÃO
6	8221956	SEV PRÓXIMA	NÃO
6	8221956	4G	Nuvem satélite parcialmente esgotada	NUVEM: 43S01SIARQR201 (Asset)		LTE
6	8221956	FO GPON_RESID ETH	Inviável			
6	8221956	FO XGSPON RESID ETH	Inviável			
6	8221956	HFC BSoD	Inviável	ESTAÇÃO ENTRONCAMENTO:RPO TB		
6	8221956	FO GPON_RESID ETH PRE VIAVEL	Inviável			
6	8221956	FO GPON ETH	Inviável			
6	8221956	FO EDD DIRETO CLARO	Inviável			
6	8221956	FO EDD CLARO PRE VIAVEL	Inviável			
6	8221956	FO EDD ETH	Inviável			
6	8221956	FOetherNET	Inviável			
6	8221956	FO SDH	Inviável			
6	8221956	ADE SDH	Inviável			
6	8221956	SATELITE BANDA KA	Inviável			
6	8221956	SATELITE BANDA KU	Inviável			
6	8221956	TERCEIROS ETH	Viável	NUVEM: NUVEM PARA BLC - PROPRIETÁRIO NUVEM: MOBWIRE / IG NETWORKS	SPO IG	

ID	SEV	FACILIDADE	STATUS	INFORMAÇÃO	ESTACAO ENTREGA	%DISPONIBILIDADE
7	8994186	ABORDADO	NÃO
7	8994186	PRÓXIMO	NÃO
7	8994186	SEV ENDEREÇO	NÃO
7	8994186	SEV PRÓXIMA	NÃO
7	8994186	4G	Inviável			
7	8994186	FO GPON_RESID ETH	Inviável			
7	8994186	FO XGSPON RESID ETH	Inviável			
7	8994186	HFC BSoD	Inviável	ESTAÇÃO ENTRONCAMENTO:FNS PO		
7	8994186	FO GPON_RESID ETH PRE VIAVEL	Inviável			
7	8994186	FO GPON ETH	Inviável			
7	8994186	FO EDD DIRETO CLARO	Inviável			
7	8994186	FO EDD CLARO PRE VIAVEL	Inviável			
7	8994186	FO EDD ETH	Inviável			
7	8994186	FOetherNET	Inviável			
7	8994186	FO SDH	Inviável			
7	8994186	ADE SDH	Inviável			
7	8994186	SATELITE BANDA KA	Inviável			
7	8994186	SATELITE BANDA KU	Inviável			
7	8994186	TERCEIROS ETH	Viável	NUVEM: NUVEM PARA BLC - PROPRIETÁRIO NUVEM: MOBWIRE / IG NETWORKS	SPO IG / FNS PO	

ID	SEV	FACILIDADE	STATUS	INFORMAÇÃO	ESTACAO ENTREGA	%DISPONIBILIDADE
8	8994188	ABORDADO	NÃO
8	8994188	PRÓXIMO	NÃO
8	8994188	SEV ENDEREÇO	NÃO
8	8994188	SEV PRÓXIMA	NÃO
8	8994188	4G	Inviável			
8	8994188	FO GPON_RESID ETH	Inviável			
8	8994188	FO XGSPON RESID ETH	Inviável			
8	8994188	HFC BSoD	Inviável			
8	8994188	FO GPON_RESID ETH PRE VIAVEL	Inviável			
8	8994188	FO GPON ETH	Inviável			
8	8994188	FO EDD DIRETO CLARO	Inviável			
8	8994188	FO EDD CLARO PRE VIAVEL	Inviável			
8	8994188	FO EDD ETH	Inviável			
8	8994188	FOetherNET	Inviável			
8	8994188	FO SDH	Inviável			
8	8994188	ADE SDH	Inviável			
8	8994188	SATELITE BANDA KA	Inviável			
8	8994188	SATELITE BANDA KU	Inviável			
8	8994188	TERCEIROS ETH	Viável	NUVEM: NUVEM PARA BLC - PROPRIETÁRIO NUVEM: MOBWIRE	SPO IG	

ID	SEV	FACILIDADE	STATUS	INFORMAÇÃO	ESTACAO ENTREGA	%DISPONIBILIDADE
9	8994190	ABORDADO	NÃO
9	8994190	PRÓXIMO	NÃO
9	8994190	SEV ENDEREÇO	NÃO
9	8994190	SEV PRÓXIMA	NÃO
9	8994190	4G	Inviável			
9	8994190	FO GPON_RESID ETH	Inviável			
9	8994190	FO XGSPON RESID ETH	Inviável			
9	8994190	HFC BSoD	Inviável			
9	8994190	FO GPON_RESID ETH PRE VIAVEL	Inviável			
9	8994190	FO GPON ETH	Inviável			
9	8994190	FO EDD DIRETO CLARO	Inviável			
9	8994190	FO EDD CLARO PRE VIAVEL	Inviável			
9	8994190	FO EDD ETH	Inviável			
9	8994190	FOetherNET	Inviável			
9	8994190	FO SDH	Inviável			
9	8994190	ADE SDH	Inviável			
9	8994190	SATELITE BANDA KA	Inviável			
9	8994190	SATELITE BANDA KU	Inviável			
9	8994190	TERCEIROS ETH	Viável	NUVEM: NUVEM PARA BLC - PROPRIETÁRIO NUVEM: MOBWIRE	SPO IG	

ID	SEV	FACILIDADE	STATUS	INFORMAÇÃO	ESTACAO ENTREGA	%DISPONIBILIDADE
10	8994195	ABORDADO	NÃO
10	8994195	PRÓXIMO	NÃO
10	8994195	SEV ENDEREÇO	NÃO
10	8994195	SEV PRÓXIMA	NÃO
10	8994195	4G	Inviável			
10	8994195	FO GPON_RESID ETH	Inviável			
10	8994195	FO XGSPON RESID ETH	Inviável			
10	8994195	HFC BSoD	Inviável			
10	8994195	FO GPON_RESID ETH PRE VIAVEL	Inviável			
10	8994195	FO GPON ETH	Inviável			
10	8994195	FO EDD DIRETO CLARO	Inviável			
10	8994195	FO EDD CLARO PRE VIAVEL	Inviável			
10	8994195	FO EDD ETH	Inviável			
10	8994195	FOetherNET	Inviável			
10	8994195	FO SDH	Inviável			
10	8994195	ADE SDH	Inviável			
10	8994195	SATELITE BANDA KA	Inviável			
10	8994195	SATELITE BANDA KU	Inviável			
10	8994195	TERCEIROS ETH	Viável	NUVEM: NUVEM PARA BLC - PROPRIETÁRIO NUVEM: MOBWIRE / IG NETWORKS	SPO IG / SDR RC	

ID	SEV	FACILIDADE	STATUS	INFORMAÇÃO	ESTACAO ENTREGA	%DISPONIBILIDADE
11	8994199	ABORDADO	NÃO
11	8994199	PRÓXIMO	NÃO
11	8994199	SEV ENDEREÇO	NÃO
11	8994199	SEV PRÓXIMA	NÃO
11	8994199	4G	Inviável			
11	8994199	FO GPON_RESID ETH	Inviável			
11	8994199	FO XGSPON RESID ETH	Inviável			
11	8994199	HFC BSoD	Inviável			
11	8994199	FO GPON_RESID ETH PRE VIAVEL	Inviável			
11	8994199	FO GPON ETH	Inviável			
11	8994199	FO EDD DIRETO CLARO	Inviável			
11	8994199	FO EDD CLARO PRE VIAVEL	Inviável			
11	8994199	FO EDD ETH	Inviável			
11	8994199	FOetherNET	Inviável			
11	8994199	FO SDH	Inviável			
11	8994199	ADE SDH	Inviável			
11	8994199	SATELITE BANDA KA	Inviável			
11	8994199	SATELITE BANDA KU	Inviável			
11	8994199	TERCEIROS ETH	Viável	NUVEM: NUVEM PARA BLC - PROPRIETÁRIO NUVEM: MOBWIRE / IG NETWORKS	SPO IG / RJO AM	

ID	SEV	FACILIDADE	STATUS	INFORMAÇÃO	ESTACAO ENTREGA	%DISPONIBILIDADE
12	8994200	ABORDADO	NÃO
12	8994200	PRÓXIMO	NÃO
12	8994200	SEV ENDEREÇO	NÃO
12	8994200	SEV PRÓXIMA	NÃO
12	8994200	4G	Inviável			
12	8994200	FO GPON_RESID ETH	Inviável			
12	8994200	FO XGSPON RESID ETH	Inviável			
12	8994200	HFC BSoD	Inviável			
12	8994200	FO GPON_RESID ETH PRE VIAVEL	Inviável			
12	8994200	FO GPON ETH	Inviável			
12	8994200	FO EDD DIRETO CLARO	Inviável			
12	8994200	FO EDD CLARO PRE VIAVEL	Inviável			
12	8994200	FO EDD ETH	Inviável			
12	8994200	FOetherNET	Inviável			
12	8994200	FO SDH	Inviável			
12	8994200	ADE SDH	Inviável			
12	8994200	SATELITE BANDA KA	Inviável			
12	8994200	SATELITE BANDA KU	Inviável			
12	8994200	TERCEIROS ETH	Viável	NUVEM: NUVEM PARA BLC - PROPRIETÁRIO NUVEM: MOBWIRE / BRFIBRA	SPO IG / BHE ES	

ID	SEV	FACILIDADE	STATUS	INFORMAÇÃO	ESTACAO ENTREGA	%DISPONIBILIDADE
13	8994201	ABORDADO	NÃO
13	8994201	PRÓXIMO	NÃO
13	8994201	SEV ENDEREÇO	NÃO
13	8994201	SEV PRÓXIMA	NÃO
13	8994201	4G	Inviável			
13	8994201	FO GPON_RESID ETH	Inviável			
13	8994201	FO XGSPON RESID ETH	Inviável			
13	8994201	HFC BSoD	Inviável	ESTAÇÃO ENTRONCAMENTO:RJO AM		
13	8994201	FO GPON_RESID ETH PRE VIAVEL	Inviável			
13	8994201	FO GPON ETH	Inviável			
13	8994201	FO EDD DIRETO CLARO	Inviável			
13	8994201	FO EDD CLARO PRE VIAVEL	Inviável			
13	8994201	FO EDD ETH	Inviável			
13	8994201	FOetherNET	Inviável			
13	8994201	FO SDH	Inviável			
13	8994201	ADE SDH	Inviável			
13	8994201	SATELITE BANDA KA	Inviável			
13	8994201	SATELITE BANDA KU	Inviável			
13	8994201	TERCEIROS ETH	Viável	NUVEM: NUVEM PARA BLC - PROPRIETÁRIO NUVEM: MOBWIRE	SPO IG	

ID	SEV	FACILIDADE	STATUS	INFORMAÇÃO	ESTACAO ENTREGA	%DISPONIBILIDADE
14	8994207	ABORDADO	NÃO
14	8994207	PRÓXIMO	NÃO
14	8994207	SEV ENDEREÇO	NÃO
14	8994207	SEV PRÓXIMA	NÃO
14	8994207	4G	Inviável			
14	8994207	FO GPON_RESID ETH	Inviável			
14	8994207	FO XGSPON RESID ETH	Inviável			
14	8994207	HFC BSoD	Inviável			
14	8994207	FO GPON_RESID ETH PRE VIAVEL	Inviável			
14	8994207	FO GPON ETH	Inviável			
14	8994207	FO EDD DIRETO CLARO	Inviável			
14	8994207	FO EDD CLARO PRE VIAVEL	Inviável			
14	8994207	FO EDD ETH	Inviável			
14	8994207	FOetherNET	Inviável			
14	8994207	FO SDH	Inviável			
14	8994207	ADE SDH	Inviável			
14	8994207	SATELITE BANDA KA	Inviável			
14	8994207	SATELITE BANDA KU	Inviável			
14	8994207	TERCEIROS ETH	Viável	NUVEM: NUVEM PARA BLC - PROPRIETÁRIO NUVEM: MOBWIRE / GGNET / IG NETWORKS	SPO IG / FNS PO	

ID	SEV	FACILIDADE	STATUS	INFORMAÇÃO	ESTACAO ENTREGA	%DISPONIBILIDADE
15	8994208	ABORDADO	NÃO
15	8994208	PRÓXIMO	NÃO
15	8994208	SEV ENDEREÇO	NÃO
15	8994208	SEV PRÓXIMA	NÃO
15	8994208	4G	Inviável			
15	8994208	FO GPON_RESID ETH	Inviável			
15	8994208	FO XGSPON RESID ETH	Inviável			
15	8994208	HFC BSoD	Inviável			
15	8994208	FO GPON_RESID ETH PRE VIAVEL	Inviável			
15	8994208	FO GPON ETH	Inviável			
15	8994208	FO EDD DIRETO CLARO	Inviável			
15	8994208	FO EDD CLARO PRE VIAVEL	Inviável			
15	8994208	FO EDD ETH	Inviável			
15	8994208	FOetherNET	Inviável			
15	8994208	FO SDH	Inviável			
15	8994208	ADE SDH	Inviável			
15	8994208	SATELITE BANDA KA	Inviável			
15	8994208	SATELITE BANDA KU	Inviável			
15	8994208	TERCEIROS ETH	Viável	NUVEM: NUVEM PARA BLC - PROPRIETÁRIO NUVEM: MOBWIRE	SPO IG	

